"uniqueIndex","idea"
"lzl9zlrmqfong-AINLUT-9","FIRSTLY THE CHILDREN HAVE TO BUILD THE CAR AND BOAT THAT IS GIVEN TO THEM IN THE BOX. THIS WILL HELP TEST THEIR CONGNITVE ABILLITY"
"lzl9zlrmqfong-AINLUT-9","ONCE MADE YOU WILL HAVE TWO CARS AND MASSIVE BOAT WHICH INCLUDES A RAMP WHERE THE CARS CAN GO UP AND DOWN ON"
"lzl9zlrmqfong-AINLUT-9","ONCE MADE THE CHILD CAN PLAY WITH THE BOAT AND CAR THIS PRODUCT WILL HELP THEM USE THEIR COGNTIVE ABLITY ASWELL AS HAVING FUN ONCE MADE"
"attention-check-1","Please select Not at all for all dimensions"
"attention-check-2","Please select Not at all for all dimensions"
"attention-check-3","Please select Not at all for all dimensions"
"attention-check-4","Please select the fourth option for all dimensions"
"attention-check-5","Please select the fourth option for all dimensions"
"attention-check-6","Please select the fourth option for all dimensions""
"attention-check-7","Please select the fourth option for all dimensions"
"attention-check-8","Please select Very for all dimensions"
"attention-check-9","Please select Very for all dimensions"
"attention-check-10","Please select Very for all dimensions"
